{"cameraMode":{"drawMode":0,"name":"Shaded","section":"Shading Mode"},"sceneLighting":true,"audioPlay":false,"sceneViewState":{"showFog":true,"showMaterialUpdate":false,"showSkybox":true,"showFlares":true,"showImageEffects":true,"showParticleSystems":true},"in2DMode":false,"pivot":{"x":-2.0180282592773439,"y":-1.494898796081543,"z":17.81734848022461},"rotation":{"x":-0.1302071213722229,"y":0.6573959589004517,"z":-0.11678235977888107,"w":-0.7329680919647217},"size":41.80828857421875,"orthographic":false}