{"cameraMode":{"drawMode":0,"name":"Shaded","section":"Shading Mode"},"sceneLighting":true,"audioPlay":false,"sceneViewState":{"showFog":true,"showMaterialUpdate":false,"showSkybox":true,"showFlares":true,"showImageEffects":true,"showParticleSystems":true},"in2DMode":false,"pivot":{"x":1.991424560546875,"y":-3.9016685485839845,"z":10.455305099487305},"rotation":{"x":0.1624535173177719,"y":0.8374634385108948,"z":-0.35929763317108157,"w":0.3784663677215576},"size":24.985576629638673,"orthographic":false}