{"cameraMode":{"drawMode":0,"name":"Shaded","section":"Shading Mode"},"sceneLighting":true,"audioPlay":false,"sceneViewState":{"showFog":true,"showMaterialUpdate":false,"showSkybox":true,"showFlares":true,"showImageEffects":true,"showParticleSystems":true},"in2DMode":false,"pivot":{"x":586.4529418945313,"y":347.6520080566406,"z":113.51329040527344},"rotation":{"x":0.16953496634960175,"y":-0.022169077768921853,"z":0.0038423333317041399,"w":0.9852907657623291},"size":449.5937805175781,"orthographic":false}