{"cameraMode":{"drawMode":0,"name":"Shaded","section":"Shading Mode"},"sceneLighting":true,"audioPlay":false,"sceneViewState":{"showFog":true,"showMaterialUpdate":false,"showSkybox":true,"showFlares":true,"showImageEffects":true,"showParticleSystems":true},"in2DMode":false,"pivot":{"x":-217.08055114746095,"y":-220.1455841064453,"z":176.32533264160157},"rotation":{"x":0.024799969047307969,"y":-0.3423098027706146,"z":0.009036188945174218,"w":0.9392185807228088},"size":2804.848876953125,"orthographic":false}