{"cameraMode":{"drawMode":0,"name":"Shaded","section":"Shading Mode"},"sceneLighting":true,"audioPlay":false,"sceneViewState":{"showFog":true,"showMaterialUpdate":false,"showSkybox":true,"showFlares":true,"showImageEffects":true,"showParticleSystems":true},"in2DMode":false,"pivot":{"x":1051.8350830078125,"y":373.7334899902344,"z":-698.77685546875},"rotation":{"x":-0.1139182299375534,"y":-0.4037006199359894,"z":-0.041635189205408099,"w":0.9069114327430725},"size":27.79907989501953,"orthographic":false}