{"cameraMode":{"drawMode":0,"name":"Shaded","section":"Shading Mode"},"sceneLighting":true,"audioPlay":false,"sceneViewState":{"showFog":true,"showMaterialUpdate":false,"showSkybox":true,"showFlares":true,"showImageEffects":true,"showParticleSystems":true},"in2DMode":false,"pivot":{"x":536.9139404296875,"y":314.24737548828127,"z":-9.19219970703125},"rotation":{"x":-0.03478921204805374,"y":0.02757776342332363,"z":-0.0009608370019122958,"w":-0.9990156292915344},"size":744.7622680664063,"orthographic":false}