{"cameraMode":{"drawMode":0,"name":"Shaded","section":"Shading Mode"},"sceneLighting":true,"audioPlay":false,"sceneViewState":{"showFog":true,"showMaterialUpdate":false,"showSkybox":false,"showFlares":true,"showImageEffects":true,"showParticleSystems":true},"in2DMode":false,"pivot":{"x":-1.462651252746582,"y":-2.363088607788086,"z":-7.98966121673584},"rotation":{"x":0.4202956259250641,"y":0.511657178401947,"z":0.3165789842605591,"w":-0.6792320013046265},"size":8.090972900390625,"orthographic":false}