{"cameraMode":{"drawMode":0,"name":"Shaded","section":"Shading Mode"},"sceneLighting":true,"audioPlay":false,"sceneViewState":{"showFog":true,"showMaterialUpdate":false,"showSkybox":true,"showFlares":true,"showImageEffects":true,"showParticleSystems":true},"in2DMode":false,"pivot":{"x":-11.233230590820313,"y":4.04496955871582,"z":180.06837463378907},"rotation":{"x":0.01785379648208618,"y":0.9745163917541504,"z":-0.04228699579834938,"w":0.22005954384803773},"size":14.281959533691407,"orthographic":false}