{"cameraMode":{"drawMode":0,"name":"Shaded","section":"Shading Mode"},"sceneLighting":true,"audioPlay":false,"sceneViewState":{"showFog":true,"showMaterialUpdate":false,"showSkybox":true,"showFlares":true,"showImageEffects":true,"showParticleSystems":true},"in2DMode":false,"pivot":{"x":13573.7021484375,"y":8607.4599609375,"z":-301.13763427734377},"rotation":{"x":0.18253745138645173,"y":-0.6777836680412293,"z":0.17951622605323792,"w":0.6892713308334351},"size":32.81222152709961,"orthographic":false}