{"cameraMode":{"drawMode":0,"name":"Shaded","section":"Shading Mode"},"sceneLighting":true,"audioPlay":false,"sceneViewState":{"showFog":true,"showMaterialUpdate":false,"showSkybox":false,"showFlares":true,"showImageEffects":true,"showParticleSystems":true},"in2DMode":false,"pivot":{"x":2.4307844638824465,"y":-6.079513072967529,"z":-15.347528457641602},"rotation":{"x":0.4202956259250641,"y":0.511657178401947,"z":0.3165789842605591,"w":-0.6792320013046265},"size":7.964141845703125,"orthographic":false}