{"cameraMode":{"drawMode":0,"name":"Shaded","section":"Shading Mode"},"sceneLighting":true,"audioPlay":false,"sceneViewState":{"showFog":true,"showMaterialUpdate":false,"showSkybox":false,"showFlares":true,"showImageEffects":true,"showParticleSystems":true},"in2DMode":false,"pivot":{"x":4.505382537841797,"y":-1.8210785388946534,"z":-11.984100341796875},"rotation":{"x":0.4202956259250641,"y":0.511657178401947,"z":0.3165789842605591,"w":-0.6792320013046265},"size":8.113388061523438,"orthographic":false}