{"cameraMode":{"drawMode":0,"name":"Shaded","section":"Shading Mode"},"sceneLighting":true,"audioPlay":false,"sceneViewState":{"showFog":true,"showMaterialUpdate":false,"showSkybox":true,"showFlares":true,"showImageEffects":true,"showParticleSystems":true},"in2DMode":false,"pivot":{"x":641.5969848632813,"y":118.03074645996094,"z":554.665283203125},"rotation":{"x":0.03674859553575516,"y":-0.08683294802904129,"z":0.0032323903869837524,"w":0.9955625534057617},"size":2891.54150390625,"orthographic":false}