{"cameraMode":{"drawMode":0,"name":"Shaded","section":"Shading Mode"},"sceneLighting":false,"audioPlay":false,"sceneViewState":{"showFog":true,"showMaterialUpdate":false,"showSkybox":false,"showFlares":true,"showImageEffects":true,"showParticleSystems":true},"in2DMode":false,"pivot":{"x":2.501800060272217,"y":-0.16589999198913575,"z":3.260000228881836},"rotation":{"x":-0.1450277417898178,"y":-0.6113241910934448,"z":0.11523646861314774,"w":-0.7694076299667358},"size":16.664182662963868,"orthographic":false}