{"cameraMode":{"drawMode":0,"name":"Shaded","section":"Shading Mode"},"sceneLighting":true,"audioPlay":false,"sceneViewState":{"showFog":true,"showMaterialUpdate":false,"showSkybox":true,"showFlares":true,"showImageEffects":true,"showParticleSystems":true},"in2DMode":false,"pivot":{"x":1026.1407470703125,"y":1332.718994140625,"z":160.2243194580078},"rotation":{"x":0.055730607360601428,"y":-0.10969806462526322,"z":-0.0061917961575090889,"w":-0.9923999905586243},"size":549.9010620117188,"orthographic":false}