{"cameraMode":{"drawMode":0,"name":"Shaded","section":"Shading Mode"},"sceneLighting":true,"audioPlay":false,"sceneViewState":{"showFog":true,"showMaterialUpdate":false,"showSkybox":true,"showFlares":true,"showImageEffects":true,"showParticleSystems":true},"in2DMode":false,"pivot":{"x":-24.622663497924806,"y":-25.87116813659668,"z":23.426002502441408},"rotation":{"x":0.20790401101112367,"y":0.18422244489192964,"z":-0.03990858793258667,"w":0.9598329663276672},"size":87.47958374023438,"orthographic":false}