{"cameraMode":{"drawMode":0,"name":"Shaded","section":"Shading Mode"},"sceneLighting":true,"audioPlay":false,"sceneViewState":{"showFog":true,"showMaterialUpdate":false,"showSkybox":false,"showFlares":true,"showImageEffects":true,"showParticleSystems":true},"in2DMode":false,"pivot":{"x":2.796999931335449,"y":1.2908196449279786,"z":27.21849822998047},"rotation":{"x":-0.0645451471209526,"y":-0.7974645495414734,"z":0.08671486377716065,"w":-0.5936157703399658},"size":6.389638900756836,"orthographic":false}