{"cameraMode":{"drawMode":0,"name":"Shaded","section":"Shading Mode"},"sceneLighting":true,"audioPlay":false,"sceneViewState":{"showFog":true,"showMaterialUpdate":false,"showSkybox":true,"showFlares":true,"showImageEffects":true,"showParticleSystems":true},"in2DMode":false,"pivot":{"x":767.93994140625,"y":-598.1189575195313,"z":1640.3734130859375},"rotation":{"x":-0.19938819110393525,"y":-0.47218456864356997,"z":0.10085545480251312,"w":-0.8527764081954956},"size":42.51156234741211,"orthographic":false}