{"cameraMode":{"drawMode":0,"name":"Shaded","section":"Shading Mode"},"sceneLighting":true,"audioPlay":false,"sceneViewState":{"showFog":true,"showMaterialUpdate":false,"showSkybox":true,"showFlares":true,"showImageEffects":true,"showParticleSystems":true},"in2DMode":false,"pivot":{"x":-17.33275604248047,"y":6.7028703689575199,"z":29.632461547851564},"rotation":{"x":0.04281441867351532,"y":0.21034111082553864,"z":-0.009224261157214642,"w":0.9766641855239868},"size":99.8287353515625,"orthographic":false}