{"cameraMode":{"drawMode":0,"name":"Shaded","section":"Shading Mode"},"sceneLighting":true,"audioPlay":false,"sceneViewState":{"showFog":true,"showMaterialUpdate":false,"showSkybox":false,"showFlares":true,"showImageEffects":true,"showParticleSystems":true},"in2DMode":false,"pivot":{"x":-0.17275464534759522,"y":4.412035942077637,"z":-14.110635757446289},"rotation":{"x":0.4202956259250641,"y":0.511657178401947,"z":0.3165789842605591,"w":-0.6792320013046265},"size":9.750375747680664,"orthographic":false}