{"cameraMode":{"drawMode":0,"name":"Shaded","section":"Shading Mode"},"sceneLighting":true,"audioPlay":false,"sceneViewState":{"showFog":true,"showMaterialUpdate":false,"showSkybox":true,"showFlares":true,"showImageEffects":true,"showParticleSystems":true},"in2DMode":false,"pivot":{"x":-30.77358055114746,"y":5.6617326736450199,"z":17.576154708862306},"rotation":{"x":0.22259455919265748,"y":0.7346722483634949,"z":-0.28486642241477969,"w":0.5740733742713928},"size":27.25886344909668,"orthographic":false}