{"cameraMode":{"drawMode":0,"name":"Shaded","section":"Shading Mode"},"sceneLighting":true,"audioPlay":false,"sceneViewState":{"showFog":true,"showMaterialUpdate":false,"showSkybox":true,"showFlares":true,"showImageEffects":true,"showParticleSystems":true},"in2DMode":false,"pivot":{"x":-1765.5269775390625,"y":-885.6343994140625,"z":1496.4185791015625},"rotation":{"x":-0.14510905742645265,"y":-0.04984695464372635,"z":0.007319919299334288,"w":-0.9881329536437988},"size":47.33338165283203,"orthographic":false}