{"cameraMode":{"drawMode":0,"name":"Shaded","section":"Shading Mode"},"sceneLighting":true,"audioPlay":false,"sceneViewState":{"showFog":true,"showMaterialUpdate":false,"showSkybox":false,"showFlares":true,"showImageEffects":true,"showParticleSystems":true},"in2DMode":false,"pivot":{"x":0.006623268127441406,"y":0.19588851928710938,"z":0.15099239349365235},"rotation":{"x":-0.12357410043478012,"y":-0.7766225337982178,"z":0.16092024743556977,"w":-0.5964123010635376},"size":27.001054763793947,"orthographic":false}