{"cameraMode":{"drawMode":0,"name":"Shaded","section":"Shading Mode"},"sceneLighting":true,"audioPlay":false,"sceneViewState":{"showFog":true,"showMaterialUpdate":false,"showSkybox":true,"showFlares":true,"showImageEffects":true,"showParticleSystems":true},"in2DMode":false,"pivot":{"x":0.006623268127441406,"y":0.19588851928710938,"z":0.15099239349365235},"rotation":{"x":-0.048290982842445376,"y":-0.003897958667948842,"z":0.0001918530324473977,"w":-0.9988335371017456},"size":27.001054763793947,"orthographic":false}